{
    "Indian_pines": {
        "path": "Indian_pines",
        "file_name": "Indian_pines_corrected.mat",
        "mat_name": "indian_pines_corrected",
        "gt_file_name": "Indian_pines_gt.mat",
        "gt_mat_name": "indian_pines_gt",
        "image_width": 145,
        "image_height": 145,
        "bands_num": 200,
        "num_classes": 16,
        "url": [
            "https://www.ehu.eus/ccwintco/uploads/6/67/Indian_pines_corrected.mat",
            "https://www.ehu.eus/ccwintco/uploads/c/c4/Indian_pines_gt.mat"
        ]
    },
    "PaviaU": {
        "path": "PaviaU",
        "file_name": "PaviaU.mat",
        "mat_name": "paviaU",
        "gt_file_name": "PaviaU_gt.mat",
        "gt_mat_name": "paviaU_gt",
        "image_width": 610,
        "image_height": 340,
        "bands_num": 103,
        "num_classes": 9,
        "url": [
            "https://www.ehu.eus/ccwintco/uploads/e/ee/PaviaU.mat",
            "https://www.ehu.eus/ccwintco/uploads/5/50/PaviaU_gt.mat"
        ]
    },
    "PaviaC": {
        "path": "PaviaC",
        "file_name": "Pavia.mat",
        "mat_name": "pavia",
        "gt_file_name": "Pavia_gt.mat",
        "gt_mat_name": "pavia_gt",
        "image_width": 1096,
        "image_height": 715,
        "bands_num": 102,
        "num_classes": 9,
        "url": [
            "https://www.ehu.eus/ccwintco/uploads/e/e3/Pavia.mat",
            "https://www.ehu.eus/ccwintco/uploads/5/53/Pavia_gt.mat"
        ]
    },
    "Salinas": {
        "path": "Salinas",
        "file_name": "Salinas_corrected.mat",
        "mat_name": "salinas_corrected",
        "gt_file_name": "Salinas_gt.mat",
        "gt_mat_name": "salinas_gt",
        "image_width": 512,
        "image_height": 217,
        "bands_num": 204,
        "num_classes": 16,
        "url": [
            "https://www.ehu.eus/ccwintco/uploads/a/a3/Salinas_corrected.mat",
            "https://www.ehu.eus/ccwintco/uploads/f/fa/Salinas_gt.mat"
        ]
    },
    "Houston13": {
        "path": "Houston13",
        "file_name": "Houston.mat",
        "mat_name": "Houston",
        "gt_file_name": "Houston_gt.mat",
        "gt_mat_name": "Houston_gt",
        "image_width": 349,
        "image_height": 1905,
        "bands_num": 144,
        "num_classes": 15,
        "url": []
    },
    "KSC": {
        "path": "KSC",
        "file_name": "KSC.mat",
        "mat_name": "KSC",
        "gt_file_name": "KSC_gt.mat",
        "gt_mat_name": "KSC_gt",
        "image_width": 512,
        "image_height": 614,
        "bands_num": 176,
        "num_classes": 13,
        "url": [
            "http://www.ehu.es/ccwintco/uploads/2/26/KSC.mat",
            "http://www.ehu.es/ccwintco/uploads/a/a6/KSC_gt.mat"
        ]
    },
    "Botswana": {
        "path": "Botswana",
        "file_name": "Botswana.mat",
        "mat_name": "Botswana",
        "gt_file_name": "Botswana_gt.mat",
        "gt_mat_name": "Botswana_gt",
        "image_width": 1476,
        "image_height": 256,
        "bands_num": 145,
        "num_classes": 14,
        "url": [
            "http://www.ehu.es/ccwintco/uploads/7/72/Botswana.mat",
            "http://www.ehu.es/ccwintco/uploads/5/58/Botswana_gt.mat"
        ]
    }
}